<?xml version="1.0" encoding="UTF-8"?>
<project-private xmlns="http://www.netbeans.org/ns/project-private/1">
    <editor-bookmarks xmlns="http://www.netbeans.org/ns/editor-bookmarks/2" lastBookmarkId="0"/>
    <open-files xmlns="http://www.netbeans.org/ns/projectui-open-files/2">
        <group>
            <file>file:/Users/joseluiscervantes/Desktop/Monopoly_CSC17B/Game.js</file>
            <file>file:/Users/joseluiscervantes/Desktop/Monopoly_CSC17B/board.jpg</file>
            <file>file:/Users/joseluiscervantes/Desktop/Monopoly_CSC17B/CSS_File.css</file>
            <file>file:/Users/joseluiscervantes/Desktop/Monopoly_CSC17B/Main_Page.html</file>
        </group>
    </open-files>
</project-private>
